feature,mean_abs_shap
lag_1,0.41613245
lag_28,0.16560234
lag_30,0.15142049
dow_6,0.1110554
lag_14,0.085805304
lag_3,0.08030906
lag_2,0.07242705
is_month_end,0.056407757
dow_5,0.052223537
day_official_holiday,0.031127278
lag_7,0.027238492
roll_mean_7,0.026993008
dom_17,0.026890298
dom_21,0.02473957
dow_3,0.024352765
is_payday_1,0.023952572
dom_5,0.02094401
dom_25,0.02089752
dow_2,0.016852837
dom_26,0.016575923
