{
  "n_estimators": 273,
  "max_depth": 5,
  "learning_rate": 0.09906981175237077,
  "subsample": 0.7369792406552944,
  "colsample_bytree": 0.7438043472795861,
  "min_child_weight": 4,
  "gamma": 0.20899533518827768,
  "reg_alpha": 0.09379072097638363,
  "reg_lambda": 0.08450691988533927
}