{
  "n_estimators": 351,
  "max_depth": 8,
  "learning_rate": 0.04731593119990706,
  "subsample": 0.7216723610081897,
  "colsample_bytree": 0.8651250666290946,
  "min_child_weight": 5
}