{
  "n_estimators": 227,
  "max_depth": 3,
  "learning_rate": 0.11680434866488854,
  "subsample": 0.9429564520037396,
  "colsample_bytree": 0.9146511487079994,
  "min_child_weight": 5
}