{
  "n_estimators": 391,
  "max_depth": 4,
  "learning_rate": 0.10680964269494993,
  "subsample": 0.9678785840478199,
  "colsample_bytree": 0.9798788392666058,
  "min_child_weight": 9
}